{
  "HP": {
    "base": 112.896,
    "step": 39.5136
  },
  "ATK": {
    "base": 56,
    "step": 19.7568
  },
  "HPPercentage": {
    "base": 0.06912,
    "step": 0.024192
  },
  "ATKPercentage": {
    "base": 0.06912,
    "step": 0.024192
  },
  "DEFPercentage": {
    "base": 0.0864,
    "step": 0.030240001
  },
  "SPD": {
    "base": 4.032,
    "step": 1.4
  },
  "CRIT Rate": {
    "base": 0.05184,
    "step": 0.018144
  },
  "CRIT DMG": {
    "base": 0.10368,
    "step": 0.036288
  },
  "Break Effect": {
    "base": 0.10368,
    "step": 0.036288
  },
  "Outgoing Healing Boost": {
    "base": 0.055296,
    "step": 0.019354
  },
  "Energy Regeneration Rate": {
    "base": 0.031104,
    "step": 0.010886001
  },
  "Effect Hit Rate": {
    "base": 0.06912,
    "step": 0.024192
  },
  "Physical DMG Boost": {
    "base": 0.062208,
    "step": 0.021773001
  },
  "Fire DMG Boost": {
    "base": 0.062208,
    "step": 0.021773001
  },
  "Ice DMG Boost": {
    "base": 0.062208,
    "step": 0.021773001
  },
  "Lightning DMG Boost": {
    "base": 0.062208,
    "step": 0.021773001
  },
  "Wind DMG Boost": {
    "base": 0.062208,
    "step": 0.021773001
  },
  "Quantum DMG Boost": {
    "base": 0.062208,
    "step": 0.021773001
  },
  "Imaginary DMG Boost": {
    "base": 0.062208,
    "step": 0.021773001
  }
}