{
  "生命值": {
    "base": 112.896,
    "step": 39.5136
  },
  "攻击力": {
    "base": 56,
    "step": 19.7568
  },
  "生命值百分比": {
    "base": 0.06912,
    "step": 0.024192
  },
  "攻击力百分比": {
    "base": 0.06912,
    "step": 0.024192
  },
  "防御力百分比": {
    "base": 0.0864,
    "step": 0.030240001
  },
  "速度": {
    "base": 4.032,
    "step": 1.4
  },
  "暴击率": {
    "base": 0.05184,
    "step": 0.018144
  },
  "暴击伤害": {
    "base": 0.10368,
    "step": 0.036288
  },
  "击破特攻": {
    "base": 0.10368,
    "step": 0.036288
  },
  "治疗量加成": {
    "base": 0.055296,
    "step": 0.019354
  },
  "能量恢复效率": {
    "base": 0.031104,
    "step": 0.010886001
  },
  "效果命中": {
    "base": 0.06912,
    "step": 0.024192
  },
  "物理属性伤害提高": {
    "base": 0.062208,
    "step": 0.021773001
  },
  "火属性伤害提高": {
    "base": 0.062208,
    "step": 0.021773001
  },
  "冰属性伤害提高": {
    "base": 0.062208,
    "step": 0.021773001
  },
  "雷属性伤害提高": {
    "base": 0.062208,
    "step": 0.021773001
  },
  "风属性伤害提高": {
    "base": 0.062208,
    "step": 0.021773001
  },
  "量子属性伤害提高": {
    "base": 0.062208,
    "step": 0.021773001
  },
  "虚数属性伤害提高": {
    "base": 0.062208,
    "step": 0.021773001
  }
}