{
  "HP": {
    "base": 112.896,
    "step": 39.5136
  },
  "ATK": {
    "base": 56,
    "step": 19.7568
  },
  "HPPercentage": {
    "base": 0.06912,
    "step": 0.024192
  },
  "ATKPercentage": {
    "base": 0.06912,
    "step": 0.024192
  },
  "DEFPercentage": {
    "base": 0.0864,
    "step": 0.030240001
  },
  "SPD": {
    "base": 4.032,
    "step": 1.4
  },
  "CRITRate": {
    "base": 0.05184,
    "step": 0.018144
  },
  "CRITDMG": {
    "base": 0.10368,
    "step": 0.036288
  },
  "BreakEffect": {
    "base": 0.10368,
    "step": 0.036288
  },
  "OutgoingHealingBoost": {
    "base": 0.055296,
    "step": 0.019354
  },
  "EnergyRegenerationRate": {
    "base": 0.031104,
    "step": 0.010886001
  },
  "EffectHitRate": {
    "base": 0.06912,
    "step": 0.024192
  },
  "PhysicalDMGBoost": {
    "base": 0.062208,
    "step": 0.021773001
  },
  "FireDMGBoost": {
    "base": 0.062208,
    "step": 0.021773001
  },
  "IceDMGBoost": {
    "base": 0.062208,
    "step": 0.021773001
  },
  "LightningDMGBoost": {
    "base": 0.062208,
    "step": 0.021773001
  },
  "WindDMGBoost": {
    "base": 0.062208,
    "step": 0.021773001
  },
  "QuantumDMGBoost": {
    "base": 0.062208,
    "step": 0.021773001
  },
  "ImaginaryDMGBoost": {
    "base": 0.062208,
    "step": 0.021773001
  }
}